{"mean": [26.73146558026902, 43.7014, 0.5067, 1.4927, 1.0073], "std": [9.031379934691214, 14.924337105546766, 0.49995510798470705, 1.1123608721993057, 0.8170965120473836]}